run_id,final_accuracy,final_f1,mean_last8_accuracy,mean_last8_f1,std_last8_accuracy,n_rounds,det_detection_precision,det_detection_recall,det_benign_false_exclusion_rate,aggregator,atk,mal,alpha,stability_gap
armor__atk=alie__mal=0.2__alpha=0.5,0.8744524516037869,0.8402880519247313,0.8692419104140172,0.8342674846024962,0.030970564800218932,25,0.6666666666666666,1.0,0.125,armor,alie,0.2,0.5,0.005210541189769713
armor__atk=alie__mal=0.2__alpha=None,0.8756711883566483,0.857088867212248,0.689166931609439,0.7001595236177973,0.1768831419469262,25,,0.0,0.0,armor,alie,0.2,None,0.18650425674720927
armor__atk=alie__mal=0.4__alpha=0.5,0.8030062173237248,0.7152709501109631,0.8030062173237248,0.7152709501109631,0.0,25,0.0,0.0,0.5,armor,alie,0.4,0.5,0.0
armor__atk=alie__mal=0.4__alpha=None,0.2082450190758796,0.3266506339000365,0.6439345767980783,0.638131877992039,0.24423574468793194,25,0.0,0.0,0.16666666666666666,armor,alie,0.4,None,0.4356895577221987
armor__atk=gaussian_noise__mal=0.2__alpha=0.5,0.8030062173237248,0.7152709501109631,0.8030062173237248,0.7152709501109631,0.0,25,0.0,0.0,0.125,armor,gaussian_noise,0.2,0.5,0.0
armor__atk=gaussian_noise__mal=0.2__alpha=None,0.8030062173237248,0.7152709501109631,0.8030062173237248,0.7152709501109631,0.0,25,1.0,1.0,0.0,armor,gaussian_noise,0.2,None,0.0
armor__atk=gaussian_noise__mal=0.4__alpha=0.5,0.8030062173237248,0.7152709501109631,0.8030062173237248,0.7152709501109631,0.0,25,,0.0,0.0,armor,gaussian_noise,0.4,0.5,0.0
armor__atk=gaussian_noise__mal=0.4__alpha=None,0.8030062173237248,0.7152709501109631,0.8030062173237248,0.7152709501109631,0.0,25,,0.0,0.0,armor,gaussian_noise,0.4,None,0.0
armor__atk=label_flip__mal=0.2__alpha=0.5,0.890702274975272,0.884706165322768,0.7153631482266498,0.7138760190180264,0.24712236093420442,25,0.5,0.5,0.125,armor,label_flip,0.2,0.5,0.17533912674862218
armor__atk=label_flip__mal=0.2__alpha=None,0.8638194150063586,0.831359371624789,0.7213530627384486,0.7371071913940501,0.11520814650774623,25,0.0,0.0,0.125,armor,label_flip,0.2,None,0.14246635226791005
armor__atk=label_flip__mal=0.4__alpha=0.5,0.064540059347181,0.02449929303601893,0.3808993923979087,0.3937843813972968,0.2966250633545404,25,0.3333333333333333,0.25,0.3333333333333333,armor,label_flip,0.4,0.5,0.3163593330507277
armor__atk=label_flip__mal=0.4__alpha=None,0.5466652536385475,0.6140017366298461,0.5290156492864209,0.5527528526617952,0.23309306815989503,25,,0.0,0.0,armor,label_flip,0.4,None,0.01764960435212659
fedavg__atk=alie__mal=0.2__alpha=0.5,0.8043485940370213,0.7191529980541664,0.8238947470679667,0.7480891181335145,0.053574035960585395,25,,0.0,0.0,fedavg,alie,0.2,0.5,0.019546153030945423
fedavg__atk=alie__mal=0.2__alpha=None,0.9039317507418397,0.8911820420871956,0.8354087183834957,0.7832114056932249,0.05190564830470011,25,,0.0,0.0,fedavg,alie,0.2,None,0.068523032358344
fedavg__atk=alie__mal=0.4__alpha=0.5,0.8030062173237248,0.7152709501109631,0.8030305037445246,0.7153290531519354,6.425582967205358e-05,25,,0.0,0.0,fedavg,alie,0.4,0.5,2.4286420799768393e-05
fedavg__atk=alie__mal=0.4__alpha=None,0.652324431256182,0.6401651999661464,0.7099649392397909,0.6955104363648882,0.13266980040348797,25,,0.0,0.0,fedavg,alie,0.4,None,0.05764050798360887
fedavg__atk=gaussian_noise__mal=0.2__alpha=0.5,0.8030062173237248,0.7152709501109631,0.8030062173237248,0.7152709501109631,0.0,25,,0.0,0.0,fedavg,gaussian_noise,0.2,0.5,0.0
fedavg__atk=gaussian_noise__mal=0.2__alpha=None,0.8030062173237248,0.7152709501109631,0.8030062173237248,0.7152709501109631,0.0,25,,0.0,0.0,fedavg,gaussian_noise,0.2,None,0.0
fedavg__atk=gaussian_noise__mal=0.4__alpha=0.5,0.8030062173237248,0.7152709501109631,0.8030062173237248,0.7152709501109631,0.0,25,,0.0,0.0,fedavg,gaussian_noise,0.4,0.5,0.0
fedavg__atk=gaussian_noise__mal=0.4__alpha=None,0.8030062173237248,0.7152709501109631,0.8030062173237248,0.7152709501109631,0.0,25,,0.0,0.0,fedavg,gaussian_noise,0.4,None,0.0
fedavg__atk=label_flip__mal=0.2__alpha=0.5,0.7994383213225943,0.7819057670606406,0.40175701215204185,0.3801839115901501,0.3118310103549037,25,,0.0,0.0,fedavg,label_flip,0.2,0.5,0.39768130917055244
fedavg__atk=label_flip__mal=0.2__alpha=None,0.8249611417267204,0.766755134393415,0.652196375582874,0.6776883405938958,0.14527661951398535,25,,0.0,0.0,fedavg,label_flip,0.2,None,0.1727647661438464
fedavg__atk=label_flip__mal=0.4__alpha=0.5,0.48511021619330225,0.5627606222443383,0.5900341776176345,0.5810509091958593,0.29410477211608527,25,,0.0,0.0,fedavg,label_flip,0.4,0.5,0.1049239614243323
fedavg__atk=label_flip__mal=0.4__alpha=None,0.23270806839056096,0.2976466380387031,0.6951435989826198,0.7016435892856862,0.2302563789040059,25,,0.0,0.0,fedavg,label_flip,0.4,None,0.46243553059205883
foolsgold__atk=alie__mal=0.2__alpha=0.5,0.8030062173237248,0.7152709501109631,0.8030062173237248,0.7152709501109631,0.0,25,,0.0,0.0,foolsgold,alie,0.2,0.5,0.0
foolsgold__atk=alie__mal=0.2__alpha=None,0.7556344496255476,0.768467797899525,0.5924871061184117,0.610218191484417,0.14675352083760876,25,,0.0,0.0,foolsgold,alie,0.2,None,0.1631473435071359
foolsgold__atk=alie__mal=0.4__alpha=0.5,0.8030062173237248,0.7152709501109631,0.805788116433517,0.7342199590313265,0.034581187301603374,25,,0.0,0.0,foolsgold,alie,0.4,0.5,0.0027818991097922074
foolsgold__atk=alie__mal=0.4__alpha=None,0.8030062173237248,0.7152709501109631,0.7957489932174651,0.7353841722887722,0.06099652384951131,25,,0.0,0.0,foolsgold,alie,0.4,None,0.00725722410625973
foolsgold__atk=gaussian_noise__mal=0.2__alpha=0.5,0.8030062173237248,0.7152709501109631,0.8030062173237248,0.7152709501109631,0.0,25,,0.0,0.0,foolsgold,gaussian_noise,0.2,0.5,0.0
foolsgold__atk=gaussian_noise__mal=0.2__alpha=None,0.8030062173237248,0.7152709501109631,0.8030062173237248,0.7152709501109631,0.0,25,,0.0,0.0,foolsgold,gaussian_noise,0.2,None,0.0
foolsgold__atk=gaussian_noise__mal=0.4__alpha=0.5,0.8030062173237248,0.7152709501109631,0.8030062173237248,0.7152709501109631,0.0,25,,0.0,0.0,foolsgold,gaussian_noise,0.4,0.5,0.0
foolsgold__atk=gaussian_noise__mal=0.4__alpha=None,0.8030062173237248,0.7152709501109631,0.8030062173237248,0.7152709501109631,0.0,25,,0.0,0.0,foolsgold,gaussian_noise,0.4,None,0.0
foolsgold__atk=label_flip__mal=0.2__alpha=0.5,0.7352161933022467,0.7682876394703771,0.40076347675568746,0.4174661763210673,0.31958824448144446,25,,0.0,0.0,foolsgold,label_flip,0.2,0.5,0.3344527165465593
foolsgold__atk=label_flip__mal=0.2__alpha=None,0.8457503179313268,0.8432291537530414,0.64969928995337,0.6807575243670188,0.21659382852646664,25,,0.0,0.0,foolsgold,label_flip,0.2,None,0.19605102797795682
foolsgold__atk=label_flip__mal=0.4__alpha=0.5,0.06392185954500494,0.01747662112502413,0.7073707079270877,0.7027515175123034,0.2693881899061635,25,,0.0,0.0,foolsgold,label_flip,0.4,0.5,0.6434488483820827
foolsgold__atk=label_flip__mal=0.4__alpha=None,0.5518581319768263,0.615245668495253,0.6740938957185247,0.6831838353764277,0.2630581429109465,25,,0.0,0.0,foolsgold,label_flip,0.4,None,0.12223576374169842
krum__atk=alie__mal=0.2__alpha=0.5,0.8091705524939946,0.7302782009848983,0.755720556026565,0.7527910540738185,0.1401112333886944,25,,0.0,0.0,krum,alie,0.2,0.5,0.05344999646742965
krum__atk=alie__mal=0.2__alpha=None,0.850713579200226,0.8462528129751071,0.8768545994065282,0.8676080550730687,0.03017523843897469,25,,0.0,0.0,krum,alie,0.2,None,0.026141020206302157
krum__atk=alie__mal=0.4__alpha=0.5,0.8030062173237248,0.7152709501109631,0.8030062173237248,0.7152709501109631,0.0,25,,0.0,0.0,krum,alie,0.4,0.5,0.0
krum__atk=alie__mal=0.4__alpha=None,0.8030062173237248,0.7152709501109631,0.738216670199237,0.688675509923578,0.24390510613062522,25,,0.0,0.0,krum,alie,0.4,None,0.06478954712448781
krum__atk=gaussian_noise__mal=0.2__alpha=0.5,0.6562985728415995,0.7162148147277759,0.7550007948283171,0.7694697265246009,0.11820054002984648,25,,0.0,0.0,krum,gaussian_noise,0.2,0.5,0.09870222198671752
krum__atk=gaussian_noise__mal=0.2__alpha=None,0.7377419810654232,0.7945870895177356,0.7971885156139606,0.8084854962551358,0.05330211668143796,25,,0.0,0.0,krum,gaussian_noise,0.2,None,0.05944653454853743
krum__atk=gaussian_noise__mal=0.4__alpha=0.5,0.8295004945598418,0.8148671274376253,0.857412215628091,0.851381296441423,0.025554665101223062,25,,0.0,0.0,krum,gaussian_noise,0.4,0.5,0.02791172106824924
krum__atk=gaussian_noise__mal=0.4__alpha=None,0.8030062173237248,0.7153129947819404,0.8026706231454006,0.7169264335411782,0.0008021054616828877,25,,0.0,0.0,krum,gaussian_noise,0.4,None,0.00033559417832418337
krum__atk=label_flip__mal=0.2__alpha=0.5,0.8107248834251801,0.786142695517963,0.6856873498657623,0.7058569101179911,0.1680921067771524,25,,0.0,0.0,krum,label_flip,0.2,0.5,0.12503753355941782
krum__atk=label_flip__mal=0.2__alpha=None,0.9040730535537658,0.8939181343909949,0.8355433976261128,0.8153121655335083,0.04279553501204633,25,,0.0,0.0,krum,label_flip,0.2,None,0.06852965592765292
krum__atk=label_flip__mal=0.4__alpha=0.5,0.8738519146531016,0.8415578201090691,0.7382034230606189,0.678931102220224,0.24883776564073462,25,,0.0,0.0,krum,label_flip,0.4,0.5,0.1356484915924827
krum__atk=label_flip__mal=0.4__alpha=None,0.8382789317507419,0.8090155967013506,0.7204699201639113,0.7027586282858866,0.2612554898863827,25,,0.0,0.0,krum,label_flip,0.4,None,0.11780901158683055
