run_id,final_accuracy,final_f1,mean_last8_accuracy,mean_last8_f1,std_last8_accuracy,n_rounds,det_detection_precision,det_detection_recall,det_benign_false_exclusion_rate,aggregator,atk,mal,alpha,stability_gap,dataset
armor__atk=alie__mal=0.2__alpha=0.5,0.8744524516037869,0.8402880519247313,0.8692419104140172,0.8342674846024962,0.0309705648002189,25,0.6666666666666666,1.0,0.125,armor,alie,0.2,0.5,0.0052105411897697,cicids2017
armor__atk=alie__mal=0.2__alpha=None,0.8756711883566483,0.857088867212248,0.689166931609439,0.7001595236177973,0.1768831419469262,25,,0.0,0.0,armor,alie,0.2,,0.1865042567472092,cicids2017
armor__atk=alie__mal=0.4__alpha=0.5,0.8030062173237248,0.7152709501109631,0.8030062173237248,0.7152709501109631,0.0,25,0.0,0.0,0.5,armor,alie,0.4,0.5,0.0,cicids2017
armor__atk=alie__mal=0.4__alpha=None,0.2082450190758796,0.3266506339000365,0.6439345767980783,0.638131877992039,0.2442357446879319,25,0.0,0.0,0.1666666666666666,armor,alie,0.4,,0.4356895577221987,cicids2017
armor__atk=gaussian_noise__mal=0.2__alpha=0.5,0.8030062173237248,0.7152709501109631,0.8030062173237248,0.7152709501109631,0.0,25,0.0,0.0,0.125,armor,gaussian_noise,0.2,0.5,0.0,cicids2017
armor__atk=gaussian_noise__mal=0.2__alpha=None,0.8030062173237248,0.7152709501109631,0.8030062173237248,0.7152709501109631,0.0,25,1.0,1.0,0.0,armor,gaussian_noise,0.2,,0.0,cicids2017
armor__atk=gaussian_noise__mal=0.4__alpha=0.5,0.8030062173237248,0.7152709501109631,0.8030062173237248,0.7152709501109631,0.0,25,,0.0,0.0,armor,gaussian_noise,0.4,0.5,0.0,cicids2017
armor__atk=gaussian_noise__mal=0.4__alpha=None,0.8030062173237248,0.7152709501109631,0.8030062173237248,0.7152709501109631,0.0,25,,0.0,0.0,armor,gaussian_noise,0.4,,0.0,cicids2017
armor__atk=label_flip__mal=0.2__alpha=0.5,0.890702274975272,0.884706165322768,0.7153631482266498,0.7138760190180264,0.2471223609342044,25,0.5,0.5,0.125,armor,label_flip,0.2,0.5,0.1753391267486221,cicids2017
armor__atk=label_flip__mal=0.2__alpha=None,0.8638194150063586,0.831359371624789,0.7213530627384486,0.7371071913940501,0.1152081465077462,25,0.0,0.0,0.125,armor,label_flip,0.2,,0.14246635226791,cicids2017
armor__atk=label_flip__mal=0.4__alpha=0.5,0.064540059347181,0.0244992930360189,0.3808993923979087,0.3937843813972968,0.2966250633545404,25,0.3333333333333333,0.25,0.3333333333333333,armor,label_flip,0.4,0.5,0.3163593330507277,cicids2017
armor__atk=label_flip__mal=0.4__alpha=None,0.5466652536385475,0.6140017366298461,0.5290156492864209,0.5527528526617952,0.233093068159895,25,,0.0,0.0,armor,label_flip,0.4,,0.0176496043521265,cicids2017
fedavg__atk=alie__mal=0.2__alpha=0.5,0.8043485940370213,0.7191529980541664,0.8238947470679667,0.7480891181335145,0.0535740359605853,25,,0.0,0.0,fedavg,alie,0.2,0.5,0.0195461530309454,cicids2017
fedavg__atk=alie__mal=0.2__alpha=None,0.9039317507418396,0.8911820420871956,0.8354087183834957,0.7832114056932249,0.0519056483047001,25,,0.0,0.0,fedavg,alie,0.2,,0.068523032358344,cicids2017
fedavg__atk=alie__mal=0.4__alpha=0.5,0.8030062173237248,0.7152709501109631,0.8030305037445246,0.7153290531519354,6.425582967205358e-05,25,,0.0,0.0,fedavg,alie,0.4,0.5,2.4286420799768397e-05,cicids2017
fedavg__atk=alie__mal=0.4__alpha=None,0.652324431256182,0.6401651999661464,0.7099649392397909,0.6955104363648882,0.1326698004034879,25,,0.0,0.0,fedavg,alie,0.4,,0.0576405079836088,cicids2017
fedavg__atk=gaussian_noise__mal=0.2__alpha=0.5,0.8030062173237248,0.7152709501109631,0.8030062173237248,0.7152709501109631,0.0,25,,0.0,0.0,fedavg,gaussian_noise,0.2,0.5,0.0,cicids2017
fedavg__atk=gaussian_noise__mal=0.2__alpha=None,0.8030062173237248,0.7152709501109631,0.8030062173237248,0.7152709501109631,0.0,25,,0.0,0.0,fedavg,gaussian_noise,0.2,,0.0,cicids2017
fedavg__atk=gaussian_noise__mal=0.4__alpha=0.5,0.8030062173237248,0.7152709501109631,0.8030062173237248,0.7152709501109631,0.0,25,,0.0,0.0,fedavg,gaussian_noise,0.4,0.5,0.0,cicids2017
fedavg__atk=gaussian_noise__mal=0.4__alpha=None,0.8030062173237248,0.7152709501109631,0.8030062173237248,0.7152709501109631,0.0,25,,0.0,0.0,fedavg,gaussian_noise,0.4,,0.0,cicids2017
fedavg__atk=label_flip__mal=0.2__alpha=0.5,0.7994383213225943,0.7819057670606406,0.4017570121520418,0.3801839115901501,0.3118310103549037,25,,0.0,0.0,fedavg,label_flip,0.2,0.5,0.3976813091705524,cicids2017
fedavg__atk=label_flip__mal=0.2__alpha=None,0.8249611417267204,0.766755134393415,0.652196375582874,0.6776883405938958,0.1452766195139853,25,,0.0,0.0,fedavg,label_flip,0.2,,0.1727647661438464,cicids2017
fedavg__atk=label_flip__mal=0.4__alpha=0.5,0.4851102161933022,0.5627606222443383,0.5900341776176345,0.5810509091958593,0.2941047721160852,25,,0.0,0.0,fedavg,label_flip,0.4,0.5,0.1049239614243323,cicids2017
fedavg__atk=label_flip__mal=0.4__alpha=None,0.2327080683905609,0.2976466380387031,0.6951435989826198,0.7016435892856862,0.2302563789040059,25,,0.0,0.0,fedavg,label_flip,0.4,,0.4624355305920588,cicids2017
foolsgold__atk=alie__mal=0.2__alpha=0.5,0.8030062173237248,0.7152709501109631,0.8030062173237248,0.7152709501109631,0.0,25,,0.0,0.0,foolsgold,alie,0.2,0.5,0.0,cicids2017
foolsgold__atk=alie__mal=0.2__alpha=None,0.7556344496255476,0.768467797899525,0.5924871061184117,0.610218191484417,0.1467535208376087,25,,0.0,0.0,foolsgold,alie,0.2,,0.1631473435071359,cicids2017
foolsgold__atk=alie__mal=0.4__alpha=0.5,0.8030062173237248,0.7152709501109631,0.805788116433517,0.7342199590313265,0.0345811873016033,25,,0.0,0.0,foolsgold,alie,0.4,0.5,0.0027818991097922,cicids2017
foolsgold__atk=alie__mal=0.4__alpha=None,0.8030062173237248,0.7152709501109631,0.7957489932174651,0.7353841722887722,0.0609965238495113,25,,0.0,0.0,foolsgold,alie,0.4,,0.0072572241062597,cicids2017
foolsgold__atk=gaussian_noise__mal=0.2__alpha=0.5,0.8030062173237248,0.7152709501109631,0.8030062173237248,0.7152709501109631,0.0,25,,0.0,0.0,foolsgold,gaussian_noise,0.2,0.5,0.0,cicids2017
foolsgold__atk=gaussian_noise__mal=0.2__alpha=None,0.8030062173237248,0.7152709501109631,0.8030062173237248,0.7152709501109631,0.0,25,,0.0,0.0,foolsgold,gaussian_noise,0.2,,0.0,cicids2017
foolsgold__atk=gaussian_noise__mal=0.4__alpha=0.5,0.8030062173237248,0.7152709501109631,0.8030062173237248,0.7152709501109631,0.0,25,,0.0,0.0,foolsgold,gaussian_noise,0.4,0.5,0.0,cicids2017
foolsgold__atk=gaussian_noise__mal=0.4__alpha=None,0.8030062173237248,0.7152709501109631,0.8030062173237248,0.7152709501109631,0.0,25,,0.0,0.0,foolsgold,gaussian_noise,0.4,,0.0,cicids2017
foolsgold__atk=label_flip__mal=0.2__alpha=0.5,0.7352161933022467,0.7682876394703771,0.4007634767556874,0.4174661763210673,0.3195882444814444,25,,0.0,0.0,foolsgold,label_flip,0.2,0.5,0.3344527165465593,cicids2017
foolsgold__atk=label_flip__mal=0.2__alpha=None,0.8457503179313268,0.8432291537530414,0.64969928995337,0.6807575243670188,0.2165938285264666,25,,0.0,0.0,foolsgold,label_flip,0.2,,0.1960510279779568,cicids2017
foolsgold__atk=label_flip__mal=0.4__alpha=0.5,0.0639218595450049,0.0174766211250241,0.7073707079270877,0.7027515175123034,0.2693881899061635,25,,0.0,0.0,foolsgold,label_flip,0.4,0.5,0.6434488483820827,cicids2017
foolsgold__atk=label_flip__mal=0.4__alpha=None,0.5518581319768263,0.615245668495253,0.6740938957185247,0.6831838353764277,0.2630581429109465,25,,0.0,0.0,foolsgold,label_flip,0.4,,0.1222357637416984,cicids2017
krum__atk=alie__mal=0.2__alpha=0.5,0.8091705524939946,0.7302782009848983,0.755720556026565,0.7527910540738185,0.1401112333886944,25,,0.0,0.0,krum,alie,0.2,0.5,0.0534499964674296,cicids2017
krum__atk=alie__mal=0.2__alpha=None,0.850713579200226,0.8462528129751071,0.8768545994065282,0.8676080550730687,0.0301752384389746,25,,0.0,0.0,krum,alie,0.2,,0.0261410202063021,cicids2017
krum__atk=alie__mal=0.4__alpha=0.5,0.8030062173237248,0.7152709501109631,0.8030062173237248,0.7152709501109631,0.0,25,,0.0,0.0,krum,alie,0.4,0.5,0.0,cicids2017
krum__atk=alie__mal=0.4__alpha=None,0.8030062173237248,0.7152709501109631,0.738216670199237,0.688675509923578,0.2439051061306252,25,,0.0,0.0,krum,alie,0.4,,0.0647895471244878,cicids2017
krum__atk=gaussian_noise__mal=0.2__alpha=0.5,0.6562985728415995,0.7162148147277759,0.7550007948283171,0.7694697265246009,0.1182005400298464,25,,0.0,0.0,krum,gaussian_noise,0.2,0.5,0.0987022219867175,cicids2017
krum__atk=gaussian_noise__mal=0.2__alpha=None,0.7377419810654232,0.7945870895177356,0.7971885156139606,0.8084854962551358,0.0533021166814379,25,,0.0,0.0,krum,gaussian_noise,0.2,,0.0594465345485374,cicids2017
krum__atk=gaussian_noise__mal=0.4__alpha=0.5,0.8295004945598418,0.8148671274376253,0.857412215628091,0.851381296441423,0.025554665101223,25,,0.0,0.0,krum,gaussian_noise,0.4,0.5,0.0279117210682492,cicids2017
krum__atk=gaussian_noise__mal=0.4__alpha=None,0.8030062173237248,0.7153129947819404,0.8026706231454006,0.7169264335411782,0.0008021054616828,25,,0.0,0.0,krum,gaussian_noise,0.4,,0.0003355941783241,cicids2017
krum__atk=label_flip__mal=0.2__alpha=0.5,0.8107248834251801,0.786142695517963,0.6856873498657623,0.7058569101179911,0.1680921067771524,25,,0.0,0.0,krum,label_flip,0.2,0.5,0.1250375335594178,cicids2017
krum__atk=label_flip__mal=0.2__alpha=None,0.9040730535537658,0.8939181343909949,0.8355433976261128,0.8153121655335083,0.0427955350120463,25,,0.0,0.0,krum,label_flip,0.2,,0.0685296559276529,cicids2017
krum__atk=label_flip__mal=0.4__alpha=0.5,0.8738519146531016,0.8415578201090691,0.7382034230606189,0.678931102220224,0.2488377656407346,25,,0.0,0.0,krum,label_flip,0.4,0.5,0.1356484915924827,cicids2017
krum__atk=label_flip__mal=0.4__alpha=None,0.8382789317507419,0.8090155967013506,0.7204699201639113,0.7027586282858866,0.2612554898863827,25,,0.0,0.0,krum,label_flip,0.4,,0.1178090115868305,cicids2017
armor__atk=alie__mal=0.2__alpha=0.5,0.8406794800714593,0.8405736539385242,0.8317817100967166,0.7646808681988914,0.0033908692783062,25,0.0,0.0,0.25,armor,alie,0.2,0.5,0.0088977699747426,cicids2018
armor__atk=alie__mal=0.2__alpha=None,0.7699285406271176,0.7537242062083652,0.5504489311895522,0.5563995605380938,0.3047838684577602,25,,0.0,0.0,armor,alie,0.2,,0.2194796094375654,cicids2018
armor__atk=alie__mal=0.4__alpha=0.5,0.8306998090309863,0.7538780190176303,0.6477025965625578,0.6166102938658983,0.2795692486861651,25,0.0,0.0,0.3333333333333333,armor,alie,0.4,0.5,0.1829972124684284,cicids2018
armor__atk=alie__mal=0.4__alpha=None,0.8396476313682005,0.7937304484013706,0.8195188812911969,0.763669216460648,0.0365482977902396,25,0.0,0.0,0.5,armor,alie,0.4,,0.0201287500770036,cicids2018
armor__atk=gaussian_noise__mal=0.2__alpha=0.5,0.8306998090309863,0.7538780190176303,0.8306998090309863,0.7538780190176303,0.0,25,,0.0,0.0,armor,gaussian_noise,0.2,0.5,0.0,cicids2018
armor__atk=gaussian_noise__mal=0.2__alpha=None,0.8306998090309863,0.7538780190176303,0.8306998090309863,0.7538780190176303,0.0,25,1.0,0.5,0.0,armor,gaussian_noise,0.2,,0.0,cicids2018
armor__atk=gaussian_noise__mal=0.4__alpha=0.5,0.8306998090309863,0.7538780190176303,0.8306998090309863,0.7538780190176303,0.0,25,,0.0,0.0,armor,gaussian_noise,0.4,0.5,0.0,cicids2018
armor__atk=gaussian_noise__mal=0.4__alpha=None,0.8306998090309863,0.7538780190176303,0.8306998090309863,0.7538780190176303,0.0,25,,0.0,0.0,armor,gaussian_noise,0.4,,0.0,cicids2018
armor__atk=label_flip__mal=0.2__alpha=0.5,0.8306998090309863,0.7538780190176303,0.682833579744964,0.6600665496762645,0.2717715903872381,25,0.0,0.0,0.25,armor,label_flip,0.2,0.5,0.1478662292860223,cicids2018
armor__atk=label_flip__mal=0.2__alpha=None,0.8707416990081932,0.8708439384727155,0.7917398201195096,0.810111831060158,0.1608606296196793,25,0.0,0.0,0.125,armor,label_flip,0.2,,0.0790018788886836,cicids2018
armor__atk=label_flip__mal=0.4__alpha=0.5,0.5675629889730796,0.6678210555497016,0.6156575340356065,0.623459353472543,0.2700733634021179,25,0.3333333333333333,0.25,0.3333333333333333,armor,label_flip,0.4,0.5,0.0480945450625269,cicids2018
armor__atk=label_flip__mal=0.4__alpha=None,0.6476159674736648,0.6971325296491279,0.5043526304441569,0.5192338583300101,0.3327452082551284,25,0.0,0.0,0.1666666666666666,armor,label_flip,0.4,,0.1432633370295079,cicids2018
fedavg__atk=alie__mal=0.2__alpha=0.5,0.8306228053964148,0.7562000675180761,0.830678633031479,0.7541625490546848,2.874773710008769e-05,25,,0.0,0.0,fedavg,alie,0.2,0.5,5.582763506428723e-05,cicids2018
fedavg__atk=alie__mal=0.2__alpha=None,0.8036253311156286,0.7918664291822015,0.8283800745395182,0.7989887401161286,0.0673672769458136,25,,0.0,0.0,fedavg,alie,0.2,,0.0247547434238896,cicids2018
fedavg__atk=alie__mal=0.4__alpha=0.5,0.8306998090309863,0.7538780190176303,0.738114489003881,0.665067578390598,0.2449577318470485,25,,0.0,0.0,fedavg,alie,0.4,0.5,0.0925853200271052,cicids2018
fedavg__atk=alie__mal=0.4__alpha=None,0.8306998090309863,0.7538780190176303,0.8402251586274873,0.7716239673381835,0.0165357878124368,25,,0.0,0.0,fedavg,alie,0.4,,0.0095253495965009,cicids2018
fedavg__atk=gaussian_noise__mal=0.2__alpha=0.5,0.8306998090309863,0.7538780190176303,0.8306998090309863,0.7538780190176303,0.0,25,,0.0,0.0,fedavg,gaussian_noise,0.2,0.5,0.0,cicids2018
fedavg__atk=gaussian_noise__mal=0.2__alpha=None,0.8306998090309863,0.7538780190176303,0.8306998090309863,0.7538780190176303,0.0,25,,0.0,0.0,fedavg,gaussian_noise,0.2,,0.0,cicids2018
fedavg__atk=gaussian_noise__mal=0.4__alpha=0.5,0.8306998090309863,0.7538780190176303,0.8306998090309863,0.7538780190176303,0.0,25,,0.0,0.0,fedavg,gaussian_noise,0.4,0.5,0.0,cicids2018
fedavg__atk=gaussian_noise__mal=0.4__alpha=None,0.8306998090309863,0.7538780190176303,0.8306998090309863,0.7538780190176303,0.0,25,,0.0,0.0,fedavg,gaussian_noise,0.4,,0.0,cicids2018
fedavg__atk=label_flip__mal=0.2__alpha=0.5,0.7589940245179573,0.7256427865788411,0.7548935809770221,0.7467386663232187,0.1011680062694631,25,,0.0,0.0,fedavg,label_flip,0.2,0.5,0.0041004435409351,cicids2018
fedavg__atk=label_flip__mal=0.2__alpha=None,0.9454044230887698,0.938245669968081,0.5828193340725683,0.5915931629656386,0.3488409178696001,25,,0.0,0.0,fedavg,label_flip,0.2,,0.3625850890162015,cicids2018
fedavg__atk=label_flip__mal=0.4__alpha=0.5,0.8307460112117292,0.7551267566800035,0.7231392071705784,0.6806221285598815,0.2457045396391701,25,,0.0,0.0,fedavg,label_flip,0.4,0.5,0.1076068040411507,cicids2018
fedavg__atk=label_flip__mal=0.4__alpha=None,0.7445481426723342,0.7834923603027796,0.821911769235508,0.8072755740903039,0.1011693994986921,25,,0.0,0.0,fedavg,label_flip,0.4,,0.0773636265631738,cicids2018
foolsgold__atk=alie__mal=0.2__alpha=0.5,0.8306998090309863,0.7538780190176303,0.8306998090309863,0.7538780190176303,0.0,25,,0.0,0.0,foolsgold,alie,0.2,0.5,0.0,cicids2018
foolsgold__atk=alie__mal=0.2__alpha=None,0.8306998090309863,0.7538780190176303,0.7723137282079714,0.7444947510697254,0.1431279913257296,25,,0.0,0.0,foolsgold,alie,0.2,,0.0583860808230148,cicids2018
foolsgold__atk=alie__mal=0.4__alpha=0.5,0.8306998090309863,0.7538780190176303,0.7329128934885727,0.6659357344523786,0.2587198600013032,25,,0.0,0.0,foolsgold,alie,0.4,0.5,0.0977869155424135,cicids2018
foolsgold__atk=alie__mal=0.4__alpha=None,0.8306998090309863,0.7538780190176303,0.7259729409228115,0.7038421950333211,0.1480319874677864,25,,0.0,0.0,foolsgold,alie,0.4,,0.1047268681081747,cicids2018
foolsgold__atk=gaussian_noise__mal=0.2__alpha=0.5,0.8306998090309863,0.7538780190176303,0.8306998090309863,0.7538780190176303,0.0,25,,0.0,0.0,foolsgold,gaussian_noise,0.2,0.5,0.0,cicids2018
foolsgold__atk=gaussian_noise__mal=0.2__alpha=None,0.8306998090309863,0.7538780190176303,0.8306998090309863,0.7538780190176303,0.0,25,,0.0,0.0,foolsgold,gaussian_noise,0.2,,0.0,cicids2018
foolsgold__atk=gaussian_noise__mal=0.4__alpha=0.5,0.8306998090309863,0.7538780190176303,0.8306998090309863,0.7538780190176303,0.0,25,,0.0,0.0,foolsgold,gaussian_noise,0.4,0.5,0.0,cicids2018
foolsgold__atk=gaussian_noise__mal=0.4__alpha=None,0.8306998090309863,0.7538780190176303,0.8306998090309863,0.7538780190176303,0.0,25,,0.0,0.0,foolsgold,gaussian_noise,0.4,,0.0,cicids2018
foolsgold__atk=label_flip__mal=0.2__alpha=0.5,0.6872266370972709,0.7142347195264136,0.7802316269327911,0.7798245899404734,0.0987855099174235,25,,0.0,0.0,foolsgold,label_flip,0.2,0.5,0.0930049898355201,cicids2018
foolsgold__atk=label_flip__mal=0.2__alpha=None,0.3969999383970923,0.4897277682591806,0.5073384463746688,0.5360976027648447,0.3589994548911148,25,,0.0,0.0,foolsgold,label_flip,0.2,,0.1103385079775765,cicids2018
foolsgold__atk=label_flip__mal=0.4__alpha=0.5,0.0915881229594036,0.1012789382829417,0.4742981118708803,0.4730912162344121,0.3424029706724259,25,,0.0,0.0,foolsgold,label_flip,0.4,0.5,0.3827099889114767,cicids2018
foolsgold__atk=label_flip__mal=0.4__alpha=None,0.7922441939259534,0.7783130499392674,0.7315191277028277,0.7180859108108506,0.2732656681303814,25,,0.0,0.0,foolsgold,label_flip,0.4,,0.0607250662231256,cicids2018
krum__atk=alie__mal=0.2__alpha=0.5,0.8571428571428571,0.7968904294198347,0.8428336567485986,0.8129269946869842,0.0485937269849432,25,,0.0,0.0,krum,alie,0.2,0.5,0.0143092003942585,cicids2018
krum__atk=alie__mal=0.2__alpha=None,0.967596870572291,0.960657451333538,0.8964089355017557,0.8936731839680907,0.0690596877885379,25,,0.0,0.0,krum,alie,0.2,,0.0711879350705353,cicids2018
krum__atk=alie__mal=0.4__alpha=0.5,0.8306998090309863,0.7538780190176303,0.8306998090309863,0.7538780190176303,0.0,25,,0.0,0.0,krum,alie,0.4,0.5,0.0,cicids2018
krum__atk=alie__mal=0.4__alpha=None,0.8306998090309863,0.7538780190176303,0.8068171317686195,0.7846060602405485,0.1217835598053009,25,,0.0,0.0,krum,alie,0.4,,0.0238826772623668,cicids2018
krum__atk=gaussian_noise__mal=0.2__alpha=0.5,0.885618801207417,0.8497635809959164,0.8553794739111685,0.8246391835677966,0.0310314262168095,25,,0.0,0.0,krum,gaussian_noise,0.2,0.5,0.0302393272962484,cicids2018
krum__atk=gaussian_noise__mal=0.2__alpha=None,0.9165126593975236,0.9247121209400342,0.8912670178032404,0.8685947593950485,0.0327428443416117,25,,0.0,0.0,krum,gaussian_noise,0.2,,0.0252456415942832,cicids2018
krum__atk=gaussian_noise__mal=0.4__alpha=0.5,0.8306536068502434,0.7677151676615425,0.8545401342943386,0.8016237223630394,0.0257601719364077,25,,0.0,0.0,krum,gaussian_noise,0.4,0.5,0.0238865274440952,cicids2018
krum__atk=gaussian_noise__mal=0.4__alpha=None,0.9396907534035608,0.9274332330847738,0.9312723310540258,0.9160857859125062,0.0410353769820285,25,,0.0,0.0,krum,gaussian_noise,0.4,,0.0084184223495348,cicids2018
krum__atk=label_flip__mal=0.2__alpha=0.5,0.7628288055196205,0.7766464473916049,0.612741021376209,0.5834160474864594,0.3317238477971307,25,,0.0,0.0,krum,label_flip,0.2,0.5,0.1500877841434115,cicids2018
krum__atk=label_flip__mal=0.2__alpha=None,0.936379597116984,0.9336623152264838,0.7882534805642827,0.8038173876077452,0.2235946605744615,25,,0.0,0.0,krum,label_flip,0.2,,0.1481261165527012,cicids2018
krum__atk=label_flip__mal=0.4__alpha=0.5,0.0504835828251093,0.0579359963564633,0.6319803794739112,0.6040745766139909,0.3455478367296647,25,,0.0,0.0,krum,label_flip,0.4,0.5,0.5814967966488018,cicids2018
krum__atk=label_flip__mal=0.4__alpha=None,0.9135249183761474,0.91939263593986,0.7647692971108236,0.7425988028527665,0.2746361124191825,25,,0.0,0.0,krum,label_flip,0.4,,0.1487556212653237,cicids2018
armor__atk=alie__mal=0.2__alpha=0.5,0.8130657396403701,0.7531770279082869,0.6906924375534502,0.6241944086175519,0.2538182556197629,25,0.5,1.0,0.25,armor,alie,0.2,0.5,0.1223733020869198,ciciot2023
armor__atk=alie__mal=0.2__alpha=None,0.8319135466530426,0.7838592259686946,0.693549596277086,0.6581518414510814,0.2548663978519386,25,,0.0,0.0,armor,alie,0.2,,0.1383639503759566,ciciot2023
armor__atk=alie__mal=0.4__alpha=0.5,0.7227139953574642,0.6063868065077953,0.7227139953574642,0.6063868065077953,0.0,25,0.0,0.0,0.1666666666666666,armor,alie,0.4,0.5,0.0,ciciot2023
armor__atk=alie__mal=0.4__alpha=None,0.0233570643180026,0.0010662015684992,0.4644021346779657,0.4227125952201799,0.3456835166789908,25,0.0,0.0,0.5,armor,alie,0.4,,0.4410450703599631,ciciot2023
armor__atk=gaussian_noise__mal=0.2__alpha=0.5,0.0233570643180026,0.0010662015684992,0.0233570643180026,0.0010662015684992,0.0,25,0.0,0.0,0.25,armor,gaussian_noise,0.2,0.5,0.0,ciciot2023
armor__atk=gaussian_noise__mal=0.2__alpha=None,0.0233570643180026,0.0010662015684992,0.0233570643180026,0.0010662015684992,0.0,25,,0.0,0.0,armor,gaussian_noise,0.2,,0.0,ciciot2023
armor__atk=gaussian_noise__mal=0.4__alpha=0.5,0.0233570643180026,0.0010662015684992,0.0233570643180026,0.0010662015684992,0.0,25,,0.0,0.0,armor,gaussian_noise,0.4,0.5,0.0,ciciot2023
armor__atk=gaussian_noise__mal=0.4__alpha=None,0.0233570643180026,0.0010662015684992,0.0233570643180026,0.0010662015684992,0.0,25,,0.0,0.0,armor,gaussian_noise,0.4,,0.0,ciciot2023
armor__atk=label_flip__mal=0.2__alpha=0.5,0.7915967879871608,0.7467518432187731,0.6066950253784555,0.5985230957229293,0.1729171767900471,25,0.0,0.0,0.375,armor,label_flip,0.2,0.5,0.1849017626087052,ciciot2023
armor__atk=label_flip__mal=0.2__alpha=None,0.8275708875240179,0.7989613694334111,0.6122885591479059,0.6167506553879271,0.148435127525831,25,,0.0,0.0,armor,label_flip,0.2,,0.2152823283761119,ciciot2023
armor__atk=label_flip__mal=0.4__alpha=0.5,0.4827126625720537,0.4977726208117574,0.5281800815220409,0.5191373118327606,0.2362764437184742,25,0.6666666666666666,0.5,0.1666666666666666,armor,label_flip,0.4,0.5,0.0454674189499871,ciciot2023
armor__atk=label_flip__mal=0.4__alpha=None,0.4876661816808645,0.5229227035567486,0.6543032308939658,0.6131279006496126,0.2029821318741393,25,,0.0,0.0,armor,label_flip,0.4,,0.1666370492131013,ciciot2023
fedavg__atk=alie__mal=0.2__alpha=0.5,0.8194853227006675,0.7559767659885531,0.7717244021902107,0.7102416956196238,0.0605859743322291,25,,0.0,0.0,fedavg,alie,0.2,0.5,0.0477609205104568,ciciot2023
fedavg__atk=alie__mal=0.2__alpha=None,0.7571442851272254,0.7720181698784543,0.7526558525939335,0.6960913327906793,0.0412869584580236,25,,0.0,0.0,fedavg,alie,0.2,,0.0044884325332918,ciciot2023
fedavg__atk=alie__mal=0.4__alpha=0.5,0.7227139953574642,0.6063868065077953,0.7227139953574642,0.6063868065077953,0.0,25,,0.0,0.0,fedavg,alie,0.4,0.5,0.0,ciciot2023
fedavg__atk=alie__mal=0.4__alpha=None,0.770316647600431,0.6769344154013044,0.6750724702066928,0.6180589902517835,0.255668757845942,25,,0.0,0.0,fedavg,alie,0.4,,0.0952441773937381,ciciot2023
fedavg__atk=gaussian_noise__mal=0.2__alpha=0.5,0.0233570643180026,0.0010662015684992,0.0233570643180026,0.0010662015684992,0.0,25,,0.0,0.0,fedavg,gaussian_noise,0.2,0.5,0.0,ciciot2023
fedavg__atk=gaussian_noise__mal=0.2__alpha=None,0.0233570643180026,0.0010662015684992,0.0233570643180026,0.0010662015684992,0.0,25,,0.0,0.0,fedavg,gaussian_noise,0.2,,0.0,ciciot2023
fedavg__atk=gaussian_noise__mal=0.4__alpha=0.5,0.0233570643180026,0.0010662015684992,0.0233570643180026,0.0010662015684992,0.0,25,,0.0,0.0,fedavg,gaussian_noise,0.4,0.5,0.0,ciciot2023
fedavg__atk=gaussian_noise__mal=0.4__alpha=None,0.0233570643180026,0.0010662015684992,0.0233570643180026,0.0010662015684992,0.0,25,,0.0,0.0,fedavg,gaussian_noise,0.4,,0.0,ciciot2023
fedavg__atk=label_flip__mal=0.2__alpha=0.5,0.8027033330741806,0.71894268626231,0.7555005164543465,0.7063884393878674,0.0798891676581391,25,,0.0,0.0,fedavg,label_flip,0.2,0.5,0.0472028166198341,ciciot2023
fedavg__atk=label_flip__mal=0.2__alpha=None,0.6506991570132279,0.6462785955358572,0.6715447538234282,0.6691705368773153,0.131299578600765,25,,0.0,0.0,fedavg,label_flip,0.2,,0.0208455968102002,ciciot2023
fedavg__atk=label_flip__mal=0.4__alpha=0.5,0.1567577773581971,0.0520235414623329,0.2419963459466663,0.1505938466771361,0.180127610372113,25,,0.0,0.0,fedavg,label_flip,0.4,0.5,0.0852385685884691,ciciot2023
fedavg__atk=label_flip__mal=0.4__alpha=None,0.1845463531659207,0.0994045514960488,0.4372494085764741,0.4071263936552907,0.2565794782499633,25,,0.0,0.0,fedavg,label_flip,0.4,,0.2527030554105534,ciciot2023
foolsgold__atk=alie__mal=0.2__alpha=0.5,0.7227139953574642,0.6063868065077953,0.7227139953574642,0.6063868065077953,0.0,25,,0.0,0.0,foolsgold,alie,0.2,0.5,0.0,ciciot2023
foolsgold__atk=alie__mal=0.2__alpha=None,0.763641614003132,0.7588903019616736,0.6968246387596211,0.654586211957979,0.2566242372671288,25,,0.0,0.0,foolsgold,alie,0.2,,0.0668169752435109,ciciot2023
foolsgold__atk=alie__mal=0.4__alpha=0.5,0.7071426191454624,0.7312364846599068,0.3850264335773071,0.3810806481152334,0.3025219891946278,25,,0.0,0.0,foolsgold,alie,0.4,0.5,0.3221161855681553,ciciot2023
foolsgold__atk=alie__mal=0.4__alpha=None,0.0233570643180026,0.0010662015684992,0.2174703177582549,0.1902287262804122,0.3363585614156621,25,,0.0,0.0,foolsgold,alie,0.4,,0.1941132534402523,ciciot2023
foolsgold__atk=gaussian_noise__mal=0.2__alpha=0.5,0.0233570643180026,0.0010662015684992,0.0233570643180026,0.0010662015684992,0.0,25,,0.0,0.0,foolsgold,gaussian_noise,0.2,0.5,0.0,ciciot2023
foolsgold__atk=gaussian_noise__mal=0.2__alpha=None,0.0233570643180026,0.0010662015684992,0.0233570643180026,0.0010662015684992,0.0,25,,0.0,0.0,foolsgold,gaussian_noise,0.2,,0.0,ciciot2023
foolsgold__atk=gaussian_noise__mal=0.4__alpha=0.5,0.0233570643180026,0.0010662015684992,0.0233570643180026,0.0010662015684992,0.0,25,,0.0,0.0,foolsgold,gaussian_noise,0.4,0.5,0.0,ciciot2023
foolsgold__atk=gaussian_noise__mal=0.4__alpha=None,0.0233570643180026,0.0010662015684992,0.0233570643180026,0.0010662015684992,0.0,25,,0.0,0.0,foolsgold,gaussian_noise,0.4,,0.0,ciciot2023
foolsgold__atk=label_flip__mal=0.2__alpha=0.5,0.8019703010984373,0.7257967418295432,0.7760920510456812,0.7380804486759517,0.0744890965242523,25,,0.0,0.0,foolsgold,label_flip,0.2,0.5,0.025878250052756,ciciot2023
foolsgold__atk=label_flip__mal=0.2__alpha=None,0.8243277763586081,0.7727582725108202,0.6880643513222342,0.6843128561554248,0.1104374524171806,25,,0.0,0.0,foolsgold,label_flip,0.2,,0.1362634250363739,ciciot2023
foolsgold__atk=label_flip__mal=0.4__alpha=0.5,0.1570132278951986,0.0518678820946506,0.3861870675389007,0.3303260284063946,0.229850920178536,25,,0.0,0.0,foolsgold,label_flip,0.4,0.5,0.229173839643702,ciciot2023
foolsgold__atk=label_flip__mal=0.4__alpha=None,0.4425513955373902,0.4720784708657448,0.6006627830780679,0.5818250522912993,0.2000159162457239,25,,0.0,0.0,foolsgold,label_flip,0.4,,0.1581113875406776,ciciot2023
krum__atk=alie__mal=0.2__alpha=0.5,0.5987871652764974,0.629537380193819,0.6884461388096005,0.67028299089119,0.1042921550787831,25,,0.0,0.0,krum,alie,0.2,0.5,0.089658973533103,ciciot2023
krum__atk=alie__mal=0.2__alpha=None,0.8216733120828104,0.7640205964359743,0.8206820529337938,0.7686845335559004,0.0087943619135783,25,,0.0,0.0,krum,alie,0.2,,0.0009912591490165,ciciot2023
krum__atk=alie__mal=0.4__alpha=0.5,0.7227139953574642,0.6063868065077953,0.4183807767917634,0.3173105422655005,0.3070866728842981,25,,0.0,0.0,krum,alie,0.4,0.5,0.3043332185657008,ciciot2023
krum__atk=alie__mal=0.4__alpha=None,0.0105734309228428,0.0033544495503943,0.4397719826293634,0.4113197546111225,0.3785041598348879,25,,0.0,0.0,krum,alie,0.4,,0.4291985517065206,ciciot2023
krum__atk=gaussian_noise__mal=0.2__alpha=0.5,0.7072758976865067,0.7286811659917578,0.6842867376745116,0.6776964901102538,0.0998182941935932,25,,0.0,0.0,krum,gaussian_noise,0.2,0.5,0.022989160011995,ciciot2023
krum__atk=gaussian_noise__mal=0.2__alpha=None,0.8222286393371614,0.7680445122378874,0.8196602507857881,0.7674866436848805,0.0076557088798754,25,,0.0,0.0,krum,gaussian_noise,0.2,,0.0025683885513733,ciciot2023
krum__atk=gaussian_noise__mal=0.4__alpha=0.5,0.595155325033042,0.6207613108707333,0.7092709108477626,0.6943660925400101,0.0938192948607525,25,,0.0,0.0,krum,gaussian_noise,0.4,0.5,0.1141155858147205,ciciot2023
krum__atk=gaussian_noise__mal=0.4__alpha=None,0.822617368415207,0.7778934789269089,0.768638170974155,0.7338177348793052,0.071983922024595,25,,0.0,0.0,krum,gaussian_noise,0.4,,0.053979197441052,ciciot2023
krum__atk=label_flip__mal=0.2__alpha=0.5,0.6937703388606906,0.7139475317734683,0.5386007974499373,0.5157730291075098,0.2696144340395696,25,,0.0,0.0,krum,label_flip,0.2,0.5,0.1551695414107533,ciciot2023
krum__atk=label_flip__mal=0.2__alpha=None,0.7246909603829537,0.7445847633321626,0.5952608372113686,0.55297859887499,0.2972170084314614,25,,0.0,0.0,krum,label_flip,0.2,,0.1294301231715851,ciciot2023
krum__atk=label_flip__mal=0.4__alpha=0.5,0.7055877028332797,0.725847311495281,0.570452980441374,0.5535627494196301,0.1927270031541361,25,,0.0,0.0,krum,label_flip,0.4,0.5,0.1351347223919056,ciciot2023
krum__atk=label_flip__mal=0.4__alpha=None,0.1933538434199273,0.0862484738165407,0.4209422237524572,0.3792113238295266,0.3066360637938129,25,,0.0,0.0,krum,label_flip,0.4,,0.2275883803325299,ciciot2023
